Precision,Recall,F1_score,Accuracy
0.6875,0.2682926829268293,0.38596491228070173,0.9994527744336216
