Precision,Recall,F1_score,Accuracy
0.24324324324324326,0.21951219512195122,0.23076923076923075,0.9990618990290655
