Precision,Recall,F1_score,Accuracy
0.8333333333333334,0.24390243902439024,0.37735849056603776,0.999484044465986
