no_of_clusters,silhoutte_score
2,0.900773286221122
3,0.8626910519771345
4,0.8588806538027489
5,0.8268506587496036
6,0.8053834147094567
7,0.7410636462612076
8,0.7822096678951007
9,0.7628195151548862
